{"epoch": 2, "mean": -8.623925107717495, "best": -1.8833973467350011, "worst": -15.364452868699988, "std": 6.740527760982493, "_timestamp": 1684252353.708319, "_runtime": 10.721596956253052, "_step": 2, "_wandb": {"runtime": 12}}