{"epoch": 303, "mean": 3.4869419350504876, "best": 4.968198835849762, "worst": -10.03762877583501, "std": 1.1103272430295545, "_timestamp": 1685523233.6914253, "_runtime": 76776.13114523888, "_step": 303}