{"epoch": 486, "mean": 17.767807804509996, "best": 19.883534908294678, "worst": -18.603138656914233, "std": 3.263463710958108, "_timestamp": 1684454482.3354928, "_runtime": 106989.5053088665, "_step": 486, "_wandb": {"runtime": 346173}}