{"epoch": 204, "mean": 17.227005104267597, "best": 19.495469331741333, "worst": -18.656685760617258, "std": 4.948672364287936, "_timestamp": 1684745126.1894224, "_runtime": 49974.64372634888, "_step": 204, "_wandb": {"runtime": 50025}}