{"epoch": 21, "mean": 0.29790403418091593, "best": 1.5198335647583008, "worst": -1.008178949356079, "std": 0.3709595151336969, "_timestamp": 1683804851.228177, "_runtime": 5900.86528801918, "_step": 21, "_wandb": {"runtime": 6144}}