{"epoch": 49, "mean": 0.3178067820580327, "best": 1.2932400703430176, "worst": -0.7722674608230591, "std": 0.37104470990387434, "_timestamp": 1683813805.7422879, "_runtime": 5627.659965991974, "_step": 49, "_wandb": {"runtime": 5626}}