{"epoch": 160, "mean": 2.1499772462099798, "best": 4.532762765884399, "worst": -18.397895890474317, "std": 3.6837159958168826, "_timestamp": 1685168469.1613941, "_runtime": 39417.35146522522, "_step": 160, "_wandb": {"runtime": 140004}}