{"epoch": 301, "mean": 0.42789706033468244, "best": 0.6186847686767578, "worst": 0.11195002496242523, "std": 0.12738211196139174, "_timestamp": 1684312825.0810077, "_runtime": 60428.620711803436, "_step": 301, "_wandb": {"runtime": 60612}}