{"epoch": 456, "mean": 0.5114296198089918, "best": 0.7546856999397278, "worst": -0.016191792488098156, "std": 0.15264163309817266, "_timestamp": 1684226229.0290954, "_runtime": 59871.196402311325, "_step": 456}