{"epoch": 300, "mean": 7.410678758579492, "best": 10.079083442687988, "worst": -18.92664205133915, "std": 2.0449071399709533, "_timestamp": 1684936149.346117, "_runtime": 78557.74127292633, "_step": 300, "_wandb": {"runtime": 78586}}