{"epoch": 234, "mean": 6.236198692661524, "best": 8.688241243362427, "worst": -18.28186131417751, "std": 1.9057784876312256, "_timestamp": 1684916786.1020658, "_runtime": 59194.4972217083, "_step": 234}