{"epoch": 184, "mean": 1.2698021877724677, "best": 2.811293125152588, "worst": -0.37788060307502747, "std": 0.542632134349174, "_timestamp": 1683741257.3769174, "_runtime": 102420.82628631592, "_step": 184, "_wandb": {"runtime": 150035}}