{"epoch": 1, "mean": 0.17272843008092603, "best": 1.914686918258667, "worst": -1.1093188524246216, "std": 0.37446539692011066, "_timestamp": 1683798109.7228396, "_runtime": 562.1958675384521, "_step": 1, "_wandb": {"runtime": 560}}