{"epoch": 4, "mean": 0.1112843096256256, "best": 0.9723982810974121, "worst": -0.3770819902420044, "std": 0.38514899117027046, "_timestamp": 1683619689.6238782, "_runtime": 283.39827823638916, "_step": 4, "_wandb": {"runtime": 282}}