{"epoch": 1, "mean": -14.585069587826698, "best": -13.593782973289452, "worst": -15.576356202363947, "std": 0.9912866145372474, "_timestamp": 1685129002.736858, "_runtime": 7.226866960525513, "_step": 1, "_wandb": {"runtime": 7}}