{"epoch": 395, "mean": 0.3609566017985344, "best": 0.3609566017985344, "worst": 0.3609566017985344, "std": 0.0, "_timestamp": 1685128392.2654407, "_runtime": 99606.81069970131, "_step": 395, "_wandb": {"runtime": 99614}}