{"epoch": 1, "mean": -0.16762525215744972, "best": -0.10157831758260727, "worst": -0.23367218673229218, "std": 0.06604693457484245, "_timestamp": 1683625536.6310978, "_runtime": 50.845239877700806, "_step": 1, "_wandb": {"runtime": 49}}