{"epoch": 200, "mean": -0.3033643202582983, "best": 0.4648566246032715, "worst": -17.612041085958467, "std": 3.042198144168748, "_timestamp": 1684164251.1755688, "_runtime": 26932.043949842453, "_step": 200, "_wandb": {"runtime": 28725}}