{"epoch": 250, "mean": 6.920499417054653, "best": 8.57178509235382, "worst": -11.981319493055311, "std": 1.4459439685048208, "_timestamp": 1685330601.9270616, "_runtime": 61390.03252863884, "_step": 250, "_wandb": {"runtime": 120451}}